2. Use `COUNTA` to count total listings.,,,,,,,,,,,,,,,,,,,,,,
1750,,,,,,,"=COUNTA(Table1[[#All],[listing_id]])",,,,,,,,,,,,,,,
,,,,,,,,,,,,,,,,,,,,,,
3. Use `AVERAGE` to find average `accomodates`.,,,,,,,,,,,,,,,,,,,,,,
3.761578045,,,,,,,=AVERAGE(Eairbnb_Listings!I:I),,,,,,,,,,,,,,,
,,,,,,,,,,,,,,,,,,,,,,
4. Use `MAX`/`MIN` on `bedrooms`.,,,,,,,,,,,,,,,,,,,,,,
1,,,,,,,=MIN(Eairbnb_Listings!K:K),,,,,,,,,,,,,,,
20,,,,,,,=MAX(Eairbnb_Listings!K:K),,,,,,,,,,,,,,,
"5. Use `COUNTIF` to count listings where `room_type = ""Entire home/apt""`.",,,,,,,,,,,,,,,,,,,,,,
1379,,,,,,,"=COUNTIF(Eairbnb_Listings!H:H, ""Entire home/apt"")",,,,,,,,,,,,,,,
,,,,,,,,,,,,,,,,,,,,,,
6. Sort listings by `accomodates` descending.,,,,,,,,,,,,,,,,,,,,,,
DONE,,,,,,,,,,,,,,,,,,,,,,
,,,,,,,,,,,,,,,,,,,,,,
7. Filter listings where `bedrooms >= 2`.,,,,,,,,,,,,,,,,,,,,,,
DONE,,,,,,,,,,,,,,,,,,,,,,
,,,,,,,,,,,,,,,,,,,,,,
8. Use `LEN` on the `name` column to find title character count.,,,,,,,,,,,,,,,,,,,,,,
,,,,,,,,,,,,,,,,,,,,,,
,,,,,,,,,,,,,,,,,,,,,,
"9. Use `IF` to flag listings as ""Large"" if `accomodates > 4`, else ""Small"".",,,,,,,,,,,,,,,,,,,,,,
,,,,,,,,,,,,,,,,,,,,,,
,,,,,,,,,,,,,,,,,,,,,,
10. Freeze header row and apply a table style.,,,,,,,,,,,,,,,,,,,,,,
,,,,,,,,,,,,,,,,,,,,,,
